# Filename,Distance
image_1056.jpg,0.2159028
image_1103.jpg,0.2191096
image_0958.jpg,0.23887205
image_1101.jpg,0.24506938
image_1047.jpg,0.24751931
image_0600.jpg,0.25560313
